Wall time;Step;Value;;;
16.151.139.499.202.000;407;0.0;#NAME?;;
16.151.146.993.218.800;503;0.0;;;
16.151.152.369.121.000;570;0.0;;;
16.151.155.321.095.000;609;0.0;;;8
1.615.115.864.979.480;654;0.0;;;
16.151.166.279.468.800;757;0.0;;;
16.151.189.717.938.300;1050;0.0;;;
16.151.190.244.139.400;1058;0.0;;;
1.615.119.470.668.400;1121;0.0;;;
16.151.195.816.156.900;1138;0.0;;;
1.615.119.618.496.380;1144;0.0;;;
1.615.120.816.616.700;1307;0.0;;;
16.151.229.376.350.700;1597;0.0;;;
16.151.234.328.461.900;1655;0.0;;;
16.151.239.806.744.000;1721;0.0;;;
1.615.124.024.398.220;1728;0.0;;;
1.615.125.368.359.130;1888;0.0;;;
16.151.256.454.467.500;1920;0.0;;;
16.151.281.271.315.700;2213;0.0;;;
161.513.067.592.488;2523;0.0;;;
16.151.307.655.317.000;2535;0.0;;;
1.615.131.030.342.480;2567;0.0;;;
16.151.310.798.398.200;2573;0.0;;;
16.151.316.143.657.000;2643;0.0;;;
16.151.322.602.927.100;2725;0.0;;;
161.513.264.254.064;2772;0.0;;;
16.151.328.063.434.200;2791;0.0;;;
16.151.328.487.980.000;2796;0.0;;;
16.151.331.324.417.800;2834;0.0;;;
16.151.334.254.836.500;2868;0.0;;;
16.151.335.478.191.100;2883;0.0;;;
16.151.351.118.472.200;3076;0.0;;;
16.151.374.779.186.300;3374;0.0;;;
16.151.375.027.650.900;3377;0.0;;;
16.151.379.805.195.500;3435;0.0;;;
16.151.384.973.337.300;3497;0.0;;;
1.615.139.173.606.200;3580;0.0;;;
16.151.396.606.390.400;3641;0.0;;;
16.151.410.883.228.700;3816;0.0;;;
16.151.426.818.470.100;4006;0.0;;;
16.151.438.793.209.000;4150;0.0;;;
16.151.463.059.003.100;4434;0.0;;;
16.151.471.798.348.700;4532;0.0;;;
16.151.483.082.117.000;4653;0.0;;;
16.151.513.834.074.200;5000;0.0;;;
16.151.514.877.606.600;5012;0.0;;;
16.151.526.009.633.600;5138;0.0;;;
16.151.529.456.821.500;5176;0.0;;;
1.615.154.125.378.600;5307;0.0;;;
1.615.157.483.021.170;5695;0.0;;;
1.615.161.715.516.630;6144;0.0;;;
16.151.622.883.855.600;6207;0.0;;;
16.151.655.567.775.900;6549;0.0;;;
16.151.656.031.885.700;6555;0.0;;;
16.151.691.169.256.500;6910;0.0;;;
16.151.717.394.361.800;7182;0.0;;;
16.151.718.098.752.600;7190;0.0;;;
16.151.831.376.883.300;8362;0.0;;;
16.151.849.277.499.100;8551;0.0;;;
16.151.863.749.387.200;8704;0.0;;;
16.151.881.840.366.100;8902;0.0;;;
16.151.893.462.311.500;9031;0.0;;;
16.151.915.185.150.200;9271;0.0;;;
16.151.944.596.067.200;9596;0.0;;;
16.151.963.865.594.800;9804;0.0;;;
16.151.981.861.791.100;9993;0.0;;;
16.151.999.500.431.400;10179;0.0;;;
1.615.201.900.863.160;10394;0.0;;;
16.152.045.266.880.100;10612;0.0;;;
16.152.056.551.273.600;10732;0.0;;;
16.152.065.724.392.000;10825;0.0;;;
16.152.075.739.776.900;10943;0.0;;;
16.152.081.813.859.500;11007;0.0;;;
16.152.085.165.038.500;11047;0.0;;;
16.152.102.999.515.800;11241;0.0;;;
1.615.211.485.852.050;11374;0.0;;;
16.152.122.126.490.200;11457;0.0;;;
16.152.129.112.497.100;11536;0.0;;;
16.152.134.173.953.300;11596;0.0;;;
1.615.214.821.936.180;11755;0.0;;;
16.152.160.018.238.500;11885;0.0;;;
16.152.161.320.334.600;11902;0.0;;;
16.152.199.511.780.900;12310;0.0;;;
16.152.205.430.631.600;12377;0.0;;;
16.152.214.136.770.900;12474;0.0;;;
16.152.218.357.313.600;12520;0.0;;;
16.152.228.276.185.100;12629;0.0;;;
16.152.251.890.984.400;12889;0.0;;;
16.152.265.359.573.200;13035;0.0;;;
16.152.270.463.809.300;13094;0.0;;;
16.152.274.672.362.500;13141;0.0;;;
16.152.282.772.842.900;13232;0.0;;;
16.152.293.754.900.200;13353;0.0;;;
1.615.229.542.050.310;13370;0.0;;;
16.152.304.447.206.100;13466;0.0;;;
1.615.230.739.270.310;13502;0.0;;;
16.152.328.686.977.800;13738;0.0;;;
16.152.329.075.995.900;13742;0.0;;;
16.152.341.802.132.700;13882;0.0;;;
16.152.354.333.612.200;14015;0.0;;;
16.152.365.970.806.900;14146;0.0;;;
16.152.368.846.002.700;14181;0.0;;;
16.152.383.217.172.400;14334;0.0;;;
16.152.409.778.317.700;14630;0.0;;;
16.152.413.265.324.600;14668;0.0;;;
16.152.413.639.545.800;14674;0.0;;;
16.152.431.482.429.200;14866;0.0;;;
16.152.433.766.186.800;14890;0.0;;;
161.524.440.599.771;15004;0.0;;;
16.152.518.872.874.600;15811;0.0;;;
16.152.552.301.868.800;16161;0.0;;;
16.152.688.871.419.400;17575;0.0;;;
161.527.110.418.486;17790;0.0;;;
16.152.766.591.706.500;18317;0.0;;;
16.154.264.417.065.700;30592;0.0;;;
16.155.144.365.131.400;37389;0.0;;;
16.151.137.332.788.900;378;1.0;;;
1.615.113.754.287.750;381;1.0;;;
1.615.115.212.610.240;565;1.0;;;
16.151.158.123.986.400;646;1.0;;;
16.151.170.565.447.200;810;1.0;;;
16.151.178.961.363.000;915;1.0;;;
16.151.183.545.796.200;970;1.0;;;
16.151.186.381.401.500;1007;1.0;;;
16.151.198.456.700.000;1172;1.0;;;
16.151.223.834.852.400;1516;1.0;;;
16.151.235.904.759.800;1673;1.0;;;
161.512.438.699.675;1772;1.0;;;
16.151.246.004.467.600;1802;1.0;;;
1.615.126.808.251.820;2054;1.0;;;
16.151.269.359.912.000;2070;1.0;;;
1.615.126.963.793.750;2073;1.0;;;
16.151.273.231.819.900;2117;1.0;;;
1.615.128.038.428.060;2202;1.0;;;
16.151.285.688.174.500;2270;1.0;;;
16.151.299.111.923.100;2432;1.0;;;
16.151.312.226.197.400;2593;1.0;;;
16.151.317.093.679.900;2655;1.0;;;
16.151.327.861.300.100;2789;1.0;;;
16.151.330.335.612.400;2821;1.0;;;
16.151.330.403.368.100;2822;1.0;;;
16.151.331.768.925.900;2839;1.0;;;
16.151.335.890.698.000;2889;1.0;;;
16.151.392.014.777.500;3583;1.0;;;
16.151.422.541.923.600;3956;1.0;;;
16.151.432.536.881.800;4077;1.0;;;
1.615.143.939.042.140;4157;1.0;;;
16.151.501.739.014.300;4866;1.0;;;
16.151.534.501.955.300;5230;1.0;;;
1.615.154.785.710.850;5388;1.0;;;
16.151.572.158.845.200;5665;1.0;;;
16.151.580.298.156.700;5756;1.0;;;
16.151.589.318.084.400;5853;1.0;;;
161.515.925.175.855;5885;1.0;;;
1.615.162.219.219.960;6200;1.0;;;
16.151.627.968.281.300;6264;1.0;;;
1.615.163.600.499.340;6346;1.0;;;
16.151.654.152.172.600;6536;1.0;;;
1.615.166.572.043.220;6653;1.0;;;
1.615.169.897.441.920;6993;1.0;;;
16.151.743.121.717.700;7442;1.0;;;
1.615.176.395.955.430;7647;1.0;;;
1.615.176.866.417.340;7695;1.0;;;
16.151.770.791.456.900;7718;1.0;;;
16.151.772.541.140.000;7737;1.0;;;
16.151.783.675.478.500;7847;1.0;;;
16.151.814.289.851.200;8169;1.0;;;
16.151.822.711.127.500;8268;1.0;;;
16.151.845.774.920.400;8516;1.0;;;
16.151.856.465.432.400;8626;1.0;;;
16.151.864.557.242.900;8713;1.0;;;
16.151.872.944.083.300;8806;1.0;;;
16.151.888.352.879.600;8971;1.0;;;
16.151.904.721.794.100;9155;1.0;;;
16.151.912.518.249.100;9243;1.0;;;
16.151.920.617.178.100;9335;1.0;;;
1.615.197.338.622.810;9903;1.0;;;
16.152.005.195.711.300;10243;1.0;;;
16.152.021.385.523.500;10420;1.0;;;
16.152.029.248.422.200;10504;1.0;;;
16.152.058.892.576.800;10756;1.0;;;
16.152.064.657.693.900;10815;1.0;;;
16.152.068.676.365.600;10858;1.0;;;
16.152.080.349.598.800;10990;1.0;;;
16.152.106.331.130.000;11275;1.0;;;
1.615.210.844.953.010;11302;1.0;;;
16.152.113.097.586.300;11356;1.0;;;
16.152.120.584.692.800;11438;1.0;;;
161.521.289.323.675;11534;1.0;;;
16.152.157.853.412.000;11859;1.0;;;
16.152.216.913.526.100;12504;1.0;;;
16.152.222.199.351.500;12562;1.0;;;
16.152.229.857.053.600;12645;1.0;;;
16.152.243.343.664.400;12794;1.0;;;
16.152.262.901.231.200;13007;1.0;;;
16.152.281.160.575.400;13213;1.0;;;
16.152.299.711.782.000;13418;1.0;;;
16.152.324.188.016.000;13685;1.0;;;
16.152.335.447.285.400;13811;1.0;;;
16.152.338.148.196.600;13840;1.0;;;
16.152.346.699.795.600;13933;1.0;;;
16.152.348.912.432.800;13956;1.0;;;
16.152.363.098.192.000;14112;1.0;;;
16.152.403.668.207.600;14557;1.0;;;
16.152.410.634.567.300;14639;1.0;;;
16.152.412.161.585.500;14656;1.0;;;
16.152.434.052.508.800;14893;1.0;;;
16.152.440.958.246.100;14968;1.0;;;
1.615.244.158.495.650;14974;1.0;;;
1.615.245.433.387.030;15115;1.0;;;
16.152.492.490.175.900;15535;1.0;;;
1.615.249.855.532.760;15602;1.0;;;
1.615.253.028.032.030;15933;1.0;;;
16.152.544.235.574.000;16076;1.0;;;
16.152.546.343.827.200;16100;1.0;;;
1.615.255.253.413.800;16164;1.0;;;
1.615.257.983.639.860;16452;1.0;;;
16.152.592.246.238.100;16585;1.0;;;
1.615.260.730.942.550;16742;1.0;;;
16.152.610.428.353.300;16776;1.0;;;
16.152.616.357.396.500;16841;1.0;;;
16.152.646.287.755.800;17145;1.0;;;
1.615.265.098.490.270;17193;1.0;;;
16.152.685.231.891.000;17538;1.0;;;
16.152.710.127.814.600;17780;1.0;;;
16.152.725.186.721.100;17922;1.0;;;
16.152.766.364.188.300;18314;1.0;;;
16.152.767.449.044.900;18326;1.0;;;
16.152.848.285.478.100;19049;1.0;;;
16.152.893.528.282.100;19452;1.0;;;
16.152.941.502.317.800;19867;1.0;;;
1.615.295.475.180.850;19976;1.0;;;
16.152.979.343.972.700;20182;1.0;;;
16.152.995.556.305.500;20324;1.0;;;
16.152.996.404.307.000;20331;1.0;;;
16.153.037.431.619.300;20670;1.0;;;
16.153.091.843.755.800;21119;1.0;;;
16.153.171.336.099.900;21745;1.0;;;
16.153.221.914.617.800;22157;1.0;;;
16.153.456.711.964.500;24110;1.0;;;
16.153.567.943.770.300;25033;1.0;;;
16.153.606.198.943.900;25344;1.0;;;
16.153.740.372.072.800;26427;1.0;;;
16.153.873.474.528.900;27484;1.0;;;
16.154.041.792.181.900;28787;1.0;;;
1.615.421.633.588.660;30199;1.0;;;
16.154.366.395.118.200;31441;1.0;;;
16.154.603.287.394.800;33338;1.0;;;
16.154.651.714.813.600;33714;1.0;;;
161.549.990.484.009;36306;1.0;;;
16.155.170.177.527.900;37575;1.0;;;
16.155.424.679.824.800;39477;1.0;;;
1.615.549.383.281.590;39968;1.0;;;
16.155.587.632.783.200;40632;1.0;;;
16.152.987.213.670.300;20252;10.0;;;
16.153.498.545.222.900;24454;10.0;;;
16.153.590.254.800.100;25215;10.0;;;
16.153.824.403.767.100;27090;10.0;;;
16.154.360.129.191.400;31388;10.0;;;
16.154.441.299.776.600;32058;10.0;;;
16.154.545.473.721.400;32878;10.0;;;
16.155.091.079.835.200;36995;10.0;;;
16.152.775.733.550.300;18401;11.0;;;
16.153.169.131.761.900;21727;11.0;;;
16.153.181.046.705.500;21820;11.0;;;
16.153.409.228.640.200;23716;11.0;;;
16.153.410.767.933.400;23730;11.0;;;
16.153.719.382.719.700;26257;11.0;;;
16.153.787.716.171.400;26806;11.0;;;
16.154.142.749.500.800;29599;11.0;;;
1.615.420.267.238.570;30083;11.0;;;
16.154.560.341.406.300;32993;11.0;;;
16.154.947.016.423.700;35909;11.0;;;
16.155.040.303.681.900;36611;11.0;;;
16.155.111.389.919.800;37146;11.0;;;
16.155.244.822.046.500;38143;11.0;;;
1.615.550.396.946.240;40038;11.0;;;
16.155.639.310.209.900;40993;11.0;;;
16.153.766.892.465.600;26639;12.0;;;
16.154.414.727.922.200;31837;12.0;;;
16.154.834.745.372.100;35087;12.0;;;
16.154.983.778.519.700;36185;12.0;;;
16.155.202.933.672.800;37825;12.0;;;
16.155.223.880.262.800;37985;12.0;;;
16.155.254.217.218.000;38212;12.0;;;
16.155.366.381.633.600;39056;12.0;;;
16.155.615.499.362.500;40824;12.0;;;
16.155.887.294.557.400;42712;12.0;;;
1.615.430.185.401.980;30905;13.0;;;
16.154.713.300.239.800;34187;13.0;;;
16.154.716.438.389.000;34212;13.0;;;
16.154.807.994.589.300;34900;13.0;;;
16.155.105.674.106.900;37103;13.0;;;
16.155.383.148.322.900;39176;13.0;;;
16.155.577.459.557.100;40560;13.0;;;
16.155.940.489.812.900;43072;13.0;;;
16.153.304.879.306.000;22843;14.0;;;
16.154.181.905.091.200;29909;14.0;;;
16.154.983.238.142.100;36180;14.0;;;
1.615.594.657.545.660;43112;15.0;;;
16.154.623.465.595.200;33488;18.0;;;
16.155.296.109.652.500;38528;18.0;;;
16.151.158.000.846.900;644;2.0;;;
16.151.211.471.884.000;1350;2.0;;;
16.151.215.330.940.500;1402;2.0;;;
16.151.218.237.737.300;1440;2.0;;;
16.151.234.018.402.600;1652;2.0;;;
16.151.251.164.821.800;1859;2.0;;;
16.151.284.371.124.600;2253;2.0;;;
16.151.294.131.162.300;2372;2.0;;;
16.151.346.577.613.300;3021;2.0;;;
16.151.390.783.531.300;3566;2.0;;;
16.151.391.934.510.500;3582;2.0;;;
16.151.457.856.862.800;4372;2.0;;;
16.151.490.026.949.200;4736;2.0;;;
16.151.500.009.061.300;4845;2.0;;;
1.615.151.428.426.500;5004;2.0;;;
16.151.555.019.837.900;5470;2.0;;;
16.151.564.112.796.200;5575;2.0;;;
16.151.604.900.801.500;6015;2.0;;;
16.151.618.745.545.300;6161;2.0;;;
1.615.164.692.953.470;6457;2.0;;;
16.151.647.784.514.700;6467;2.0;;;
16.151.671.798.080.100;6712;2.0;;;
1.615.168.586.723.450;6856;2.0;;;
1.615.172.870.577.540;7302;2.0;;;
16.151.748.213.267.700;7491;2.0;;;
16.151.807.776.452.800;8096;2.0;;;
16.151.849.906.038.400;8557;2.0;;;
1.615.186.053.394.590;8670;2.0;;;
16.151.876.382.867.000;8844;2.0;;;
16.151.909.933.070.200;9214;2.0;;;
1.615.191.228.817.670;9240;2.0;;;
16.151.920.106.879.300;9329;2.0;;;
16.151.941.652.383.500;9562;2.0;;;
16.151.949.973.903.400;9652;2.0;;;
1.615.195.302.335.340;9684;2.0;;;
1.615.195.888.356.900;9748;2.0;;;
1.615.197.902.422.310;9963;2.0;;;
16.151.984.093.612.200;10016;2.0;;;
16.151.985.779.044.800;10034;2.0;;;
16.152.056.826.897.900;10735;2.0;;;
16.152.091.547.011.900;11116;2.0;;;
1.615.209.732.369.620;11177;2.0;;;
1.615.209.810.037.680;11186;2.0;;;
16.152.102.710.198.600;11238;2.0;;;
16.152.106.650.845.100;11279;2.0;;;
16.152.108.943.555.900;11308;2.0;;;
16.152.109.110.472.200;11310;2.0;;;
1.615.211.261.701.620;11350;2.0;;;
16.152.153.252.205.800;11808;2.0;;;
16.152.169.319.702.300;11984;2.0;;;
16.152.172.578.354.100;12021;2.0;;;
16.152.199.152.821.700;12305;2.0;;;
1.615.221.654.514.220;12500;2.0;;;
16.152.238.558.767.900;12741;2.0;;;
16.152.286.606.793.100;13275;2.0;;;
16.152.297.981.358.400;13397;2.0;;;
16.152.310.913.376.800;13542;2.0;;;
16.152.314.048.094.600;13575;2.0;;;
16.152.330.872.521.000;13762;2.0;;;
16.152.354.659.238.300;14018;2.0;;;
16.152.372.521.170.000;14220;2.0;;;
1.615.238.124.366.280;14312;2.0;;;
1.615.239.070.741.700;14416;2.0;;;
16.152.419.076.051.300;14733;2.0;;;
16.152.423.578.016.900;14783;2.0;;;
16.152.427.997.702.700;14830;2.0;;;
16.152.444.812.736.700;15013;2.0;;;
16.152.455.217.878.000;15124;2.0;;;
16.152.455.641.231.600;15128;2.0;;;
16.152.462.866.899.100;15209;2.0;;;
16.152.464.647.085.800;15228;2.0;;;
1.615.247.677.782.820;15363;2.0;;;
16.152.518.756.713.700;15809;2.0;;;
16.152.521.787.733.300;15843;2.0;;;
1.615.252.480.043.200;15874;2.0;;;
16.152.568.155.319.500;16329;2.0;;;
1.615.257.752.150.070;16431;2.0;;;
16.152.601.127.758.000;16679;2.0;;;
16.152.602.755.717.500;16696;2.0;;;
16.152.624.121.718.300;16921;2.0;;;
16.152.631.812.333.300;16997;2.0;;;
1.615.263.523.742.370;17033;2.0;;;
1.615.264.970.863.650;17179;2.0;;;
1.615.267.137.611.710;17402;2.0;;;
16.152.678.106.415.300;17467;2.0;;;
16.152.693.873.963.100;17626;2.0;;;
161.526.968.521.584;17652;2.0;;;
1.615.269.693.306.200;17653;2.0;;;
16.152.699.355.094.700;17675;2.0;;;
1.615.272.902.705.720;17959;2.0;;;
16.152.797.091.922.400;18600;2.0;;;
16.152.818.026.989.800;18787;2.0;;;
1.615.286.290.805.000;19181;2.0;;;
16.152.868.478.221.700;19229;2.0;;;
1.615.290.638.301.060;19563;2.0;;;
16.152.914.420.384.200;19636;2.0;;;
16.152.964.378.141.300;20056;2.0;;;
16.152.965.746.702.100;20067;2.0;;;
16.152.973.925.005.300;20132;2.0;;;
16.152.993.548.398.000;20307;2.0;;;
1.615.300.316.961.640;20389;2.0;;;
16.153.026.003.345.200;20580;2.0;;;
1.615.306.263.952.190;20875;2.0;;;
16.153.065.396.741.100;20898;2.0;;;
1.615.312.931.348.520;21416;2.0;;;
16.153.136.715.598.000;21480;2.0;;;
16.153.210.920.426.000;22060;2.0;;;
1.615.329.495.850.400;22766;2.0;;;
16.153.335.196.904.800;23101;2.0;;;
1.615.338.039.541.160;23474;2.0;;;
16.153.445.460.112.600;24017;2.0;;;
16.153.447.866.041.600;24037;2.0;;;
16.153.463.893.174.100;24167;2.0;;;
16.153.501.970.009.100;24483;2.0;;;
16.153.512.211.100.100;24570;2.0;;;
1.615.351.821.028.390;24620;2.0;;;
16.153.564.427.901.200;25003;2.0;;;
1.615.359.274.623.590;25237;2.0;;;
16.153.645.900.190.900;25668;2.0;;;
1.615.374.810.410.590;26491;2.0;;;
16.153.813.648.097.600;27006;2.0;;;
16.153.833.165.352.000;27163;2.0;;;
1.615.394.477.836.280;28031;2.0;;;
16.153.973.684.829.900;28252;2.0;;;
16.154.117.613.023.700;29393;2.0;;;
16.154.143.707.475.700;29607;2.0;;;
16.154.186.771.410.800;29947;2.0;;;
1.615.421.827.642.730;30218;2.0;;;
16.154.236.929.517.400;30367;2.0;;;
16.154.267.975.972.800;30620;2.0;;;
16.154.289.515.166.400;30802;2.0;;;
16.154.321.669.199.500;31074;2.0;;;
16.154.402.884.870.600;31742;2.0;;;
16.154.409.745.298.000;31800;2.0;;;
16.154.419.001.639.200;31873;2.0;;;
16.154.460.725.240.200;32216;2.0;;;
16.154.468.908.401.700;32281;2.0;;;
1.615.454.031.487.720;32836;2.0;;;
16.154.566.170.739.400;33042;2.0;;;
16.154.590.986.773.500;33238;2.0;;;
16.154.750.455.231.600;34477;2.0;;;
161.548.425.494.363;35141;2.0;;;
16.154.934.740.078.800;35819;2.0;;;
16.154.996.830.042.000;36289;2.0;;;
16.155.025.168.744.700;36500;2.0;;;
1.615.511.671.182.990;37186;2.0;;;
16.155.179.247.994.400;37647;2.0;;;
16.155.446.298.757.700;39632;2.0;;;
16.155.508.030.389.900;40066;2.0;;;
16.155.640.101.441.100;40999;2.0;;;
16.155.737.764.378.000;41677;2.0;;;
16.155.800.657.137.800;42116;2.0;;;
16.155.878.334.389.900;42648;2.0;;;
16.155.900.785.136.600;42804;2.0;;;
16.151.153.962.031.100;591;3.0;;;
16.151.175.557.627.200;872;3.0;;;
16.151.184.539.952.300;983;3.0;;;
16.151.193.562.744.100;1107;3.0;;;
1.615.125.505.618.460;1904;3.0;;;
16.151.286.561.855.000;2283;3.0;;;
16.151.369.428.352.600;3303;3.0;;;
16.151.422.417.504.300;3954;3.0;;;
16.151.436.965.558.200;4129;3.0;;;
161.514.511.409.758;4292;3.0;;;
16.151.474.720.078.700;4563;3.0;;;
16.151.475.189.488.500;4568;3.0;;;
16.151.524.955.025.400;5124;3.0;;;
16.151.530.483.090.200;5188;3.0;;;
16.151.573.660.814.100;5681;3.0;;;
1.615.160.900.099.940;6059;3.0;;;
16.151.634.139.871.400;6326;3.0;;;
16.151.662.764.191.200;6625;3.0;;;
1.615.166.526.743.680;6648;3.0;;;
1.615.169.410.849.110;6939;3.0;;;
16.151.702.476.208.100;7032;3.0;;;
16.151.703.993.777.600;7047;3.0;;;
1.615.170.711.713.330;7078;3.0;;;
1.615.171.948.489.670;7205;3.0;;;
16.151.777.327.691.900;7786;3.0;;;
16.151.778.623.732.500;7799;3.0;;;
16.151.801.102.174.100;8023;3.0;;;
16.151.819.951.659.300;8236;3.0;;;
16.151.863.214.452.500;8699;3.0;;;
16.151.872.671.070.600;8803;3.0;;;
16.151.875.316.234.100;8834;3.0;;;
16.151.925.904.599.300;9391;3.0;;;
16.151.942.358.760.200;9569;3.0;;;
16.151.971.586.594.100;9883;3.0;;;
16.151.972.274.998.700;9890;3.0;;;
16.152.158.649.106.100;11868;3.0;;;
16.152.202.742.041.300;12346;3.0;;;
16.152.227.964.195.100;12626;3.0;;;
16.152.300.793.764.800;13430;3.0;;;
16.152.302.737.528.100;13449;3.0;;;
16.152.360.558.299.300;14083;3.0;;;
16.152.454.466.000.500;15116;3.0;;;
16.152.467.566.270.500;15262;3.0;;;
16.152.490.763.318.700;15516;3.0;;;
16.152.503.878.991.800;15660;3.0;;;
16.152.506.225.902.900;15683;3.0;;;
1.615.254.720.308.840;16109;3.0;;;
1.615.256.680.674.560;16315;3.0;;;
16.152.598.998.169.200;16657;3.0;;;
16.152.624.504.424.100;16926;3.0;;;
1.615.264.022.670.720;17082;3.0;;;
16.152.655.128.407.900;17235;3.0;;;
16.152.674.866.749.100;17433;3.0;;;
16.152.694.062.826.400;17628;3.0;;;
1.615.269.676.477.240;17651;3.0;;;
16.152.703.084.414.900;17710;3.0;;;
16.152.706.205.361.200;17741;3.0;;;
16.152.720.510.949.800;17879;3.0;;;
1.615.272.600.100.770;17930;3.0;;;
16.152.739.414.753.900;18058;3.0;;;
16.152.763.695.610.400;18289;3.0;;;
1.615.277.437.330.280;18389;3.0;;;
16.152.782.857.013.100;18465;3.0;;;
16.152.834.200.593.300;18928;3.0;;;
16.152.848.964.997.200;19056;3.0;;;
16.152.875.502.924.200;19294;3.0;;;
16.152.885.494.723.700;19384;3.0;;;
16.152.911.244.869.500;19607;3.0;;;
16.152.937.641.352.100;19836;3.0;;;
16.152.940.791.662.700;19861;3.0;;;
1.615.295.771.189.040;20001;3.0;;;
1.615.297.699.223.320;20159;3.0;;;
1.615.300.120.865.890;20371;3.0;;;
16.153.013.803.859.300;20475;3.0;;;
16.153.022.821.904.800;20553;3.0;;;
16.153.026.418.216.900;20583;3.0;;;
16.153.056.052.928;20821;3.0;;;
16.153.067.530.884.600;20914;3.0;;;
16.153.080.428.773.100;21025;3.0;;;
16.153.082.836.121.700;21046;3.0;;;
16.153.108.172.608;21249;3.0;;;
16.153.122.419.818.500;21363;3.0;;;
16.153.148.035.191.700;21568;3.0;;;
1.615.315.828.404.800;21652;3.0;;;
1.615.321.818.726.140;22125;3.0;;;
16.153.224.461.178.300;22178;3.0;;;
1.615.327.457.105.800;22594;3.0;;;
16.153.277.693.190.900;22621;3.0;;;
1.615.328.053.495.380;22644;3.0;;;
16.153.281.464.963.600;22652;3.0;;;
16.153.286.396.168.000;22694;3.0;;;
16.153.334.283.560.500;23094;3.0;;;
1.615.334.468.586.850;23176;3.0;;;
16.153.355.850.975.300;23266;3.0;;;
16.153.373.678.978.100;23416;3.0;;;
16.153.374.153.284.500;23420;3.0;;;
16.153.386.628.605.900;23528;3.0;;;
16.153.407.118.232.700;23697;3.0;;;
16.153.415.021.741.300;23763;3.0;;;
16.153.428.709.159.400;23876;3.0;;;
16.153.434.011.182.200;23925;3.0;;;
16.153.444.191.374.800;24006;3.0;;;
16.153.455.217.017.500;24097;3.0;;;
1.615.346.143.480.610;24147;3.0;;;
16.153.493.846.550.300;24415;3.0;;;
16.153.517.981.937.500;24618;3.0;;;
1.615.353.409.839.690;24752;3.0;;;
1.615.359.682.778.580;25270;3.0;;;
16.153.611.001.380.500;25383;3.0;;;
16.153.633.882.876.700;25567;3.0;;;
16.153.635.420.832.200;25580;3.0;;;
16.153.636.457.460.100;25589;3.0;;;
16.153.667.009.969.600;25841;3.0;;;
16.153.679.072.477.300;25935;3.0;;;
16.153.709.988.190.600;26183;3.0;;;
16.153.733.151.357.000;26365;3.0;;;
16.153.737.592.696.800;26402;3.0;;;
16.153.748.006.217.900;26490;3.0;;;
16.153.749.794.177.900;26505;3.0;;;
16.153.779.208.478.600;26739;3.0;;;
16.153.829.748.075.100;27133;3.0;;;
1.615.386.461.591.030;27414;3.0;;;
16.153.872.810.616.700;27478;3.0;;;
16.153.928.588.129.600;27905;3.0;;;
16.153.933.020.058.600;27939;3.0;;;
1.615.393.524.952.620;27956;3.0;;;
16.153.973.979.491.400;28254;3.0;;;
1.615.401.992.241.440;28613;3.0;;;
1.615.402.529.449.990;28657;3.0;;;
16.154.054.454.210.200;28879;3.0;;;
16.154.058.006.067.900;28908;3.0;;;
16.154.106.808.355.000;29306;3.0;;;
16.154.115.038.817.800;29373;3.0;;;
16.154.121.819.936.300;29426;3.0;;;
16.154.126.967.474.600;29469;3.0;;;
16.154.135.085.995.900;29537;3.0;;;
1.615.416.914.146.700;29807;3.0;;;
16.154.171.240.108.800;29823;3.0;;;
16.154.177.731.712.800;29876;3.0;;;
16.154.212.434.980.200;30164;3.0;;;
16.154.242.338.670.900;30413;3.0;;;
161.542.728.041.406;30663;3.0;;;
16.154.285.555.682.600;30770;3.0;;;
16.154.380.581.207.400;31560;3.0;;;
16.154.429.769.066.300;31961;3.0;;;
1.615.445.143.361.180;32144;3.0;;;
16.154.496.465.071.100;32498;3.0;;;
16.154.516.316.617.300;32650;3.0;;;
16.154.525.536.160.600;32724;3.0;;;
16.154.536.557.129.700;32807;3.0;;;
16.154.545.835.002.400;32881;3.0;;;
16.154.589.987.995.100;33230;3.0;;;
16.154.590.899.444.800;33237;3.0;;;
16.154.604.808.049.500;33350;3.0;;;
16.154.635.957.502.100;33584;3.0;;;
16.154.647.145.975.200;33677;3.0;;;
16.154.648.679.173.800;33687;3.0;;;
161.546.506.364.264;33704;3.0;;;
1.615.468.416.509.290;33967;3.0;;;
1.615.469.965.186.220;34085;3.0;;;
1.615.470.226.397.990;34104;3.0;;;
16.154.706.338.901.500;34136;3.0;;;
16.154.737.586.451.900;34372;3.0;;;
16.154.750.953.838.900;34480;3.0;;;
16.154.781.380.831.000;34698;3.0;;;
16.154.802.711.929.100;34862;3.0;;;
1.615.481.325.058.100;34935;3.0;;;
16.154.814.533.846.000;34944;3.0;;;
16.154.839.078.894.000;35119;3.0;;;
1.615.491.599.727.860;35690;3.0;;;
16.154.918.931.210.200;35711;3.0;;;
16.154.934.853.661.100;35820;3.0;;;
16.154.946.635.282.800;35906;3.0;;;
16.155.015.307.831.200;36430;3.0;;;
1.615.501.580.561.210;36434;3.0;;;
1.615.503.411.528.950;36567;3.0;;;
1.615.504.491.452.900;36646;3.0;;;
16.155.112.505.969.100;37155;3.0;;;
161.551.249.973.503;37243;3.0;;;
16.155.198.661.389.700;37791;3.0;;;
16.155.304.915.173.900;38598;3.0;;;
16.155.313.885.958.200;38667;3.0;;;
16.155.318.582.791.100;38701;3.0;;;
16.155.328.686.300.800;38775;3.0;;;
16.155.355.890.088.700;38978;3.0;;;
16.155.357.925.371.500;38993;3.0;;;
16.155.438.326.484.800;39573;3.0;;;
16.155.532.107.653.200;40245;3.0;;;
16.155.542.029.371.200;40318;3.0;;;
16.155.547.808.301.600;40356;3.0;;;
16.155.645.421.985.700;41034;3.0;;;
16.155.724.875.807.900;41580;3.0;;;
16.155.747.305.295.500;41745;3.0;;;
16.155.768.054.436.200;41891;3.0;;;
1.615.579.954.923.060;42108;3.0;;;
16.155.814.024.470.600;42207;3.0;;;
16.155.834.613.629.100;42349;3.0;;;
16.155.859.098.321.400;42518;3.0;;;
16.155.868.150.313.900;42579;3.0;;;
16.155.955.163.968.200;43172;3.0;;;
16.155.969.176.724.500;43267;3.0;;;
16.151.141.498.158.200;430;4.0;;;
16.151.235.605.151.700;1669;4.0;;;
16.151.278.602.189.400;2180;4.0;;;
16.151.312.694.174.700;2598;4.0;;;
16.151.448.802.655.600;4264;4.0;;;
16.151.483.277.225.700;4655;4.0;;;
16.151.552.596.000.000;5442;4.0;;;
16.151.619.098.271.100;6164;4.0;;;
16.151.702.862.571.200;7035;4.0;;;
16.151.801.677.390.500;8029;4.0;;;
1.615.188.548.176.370;8937;4.0;;;
16.151.914.584.928.600;9264;4.0;;;
16.151.960.869.671.200;9771;4.0;;;
1.615.208.927.432.740;11093;4.0;;;
16.152.089.402.794.700;11094;4.0;;;
16.152.123.041.694.900;11466;4.0;;;
1.615.217.133.642.130;12007;4.0;;;
16.152.179.976.335.500;12095;4.0;;;
16.152.190.777.792.800;12209;4.0;;;
16.152.409.248.668.500;14623;4.0;;;
16.152.445.717.154.700;15023;4.0;;;
16.152.457.122.016.000;15145;4.0;;;
16.152.482.588.306.000;15426;4.0;;;
16.152.692.065.351.300;17608;4.0;;;
16.152.697.300.808.700;17656;4.0;;;
1.615.272.210.604.890;17893;4.0;;;
1.615.280.351.706.170;18654;4.0;;;
16.152.899.761.410.800;19505;4.0;;;
16.152.956.464.527.800;19990;4.0;;;
16.152.966.476.074.100;20073;4.0;;;
16.153.003.879.810.600;20395;4.0;;;
1.615.302.695.288.370;20588;4.0;;;
1.615.304.358.444.060;20719;4.0;;;
16.153.091.771.279.600;21118;4.0;;;
16.153.145.378.857.200;21545;4.0;;;
16.153.158.686.446.200;21655;4.0;;;
16.153.205.281.452.200;22017;4.0;;;
1.615.321.884.366.970;22131;4.0;;;
1.615.322.521.366.050;22184;4.0;;;
16.153.269.908.000.200;22556;4.0;;;
1.615.328.305.967.110;22666;4.0;;;
16.153.309.403.263.300;22880;4.0;;;
16.153.319.896.781.800;22971;4.0;;;
16.153.404.318.034.500;23673;4.0;;;
16.153.506.450.994.700;24522;4.0;;;
1.615.357.056.595.150;25055;4.0;;;
16.153.571.455.593.000;25063;4.0;;;
16.153.586.460.199.200;25185;4.0;;;
16.153.652.807.173.400;25727;4.0;;;
16.153.700.999.932.000;26111;4.0;;;
16.153.705.804.167.500;26148;4.0;;;
16.153.714.148.692.100;26216;4.0;;;
16.153.735.103.561.700;26381;4.0;;;
1.615.382.987.634.580;27134;4.0;;;
1.615.383.347.791.540;27165;4.0;;;
16.153.874.267.661.500;27490;4.0;;;
16.153.920.118.565.100;27841;4.0;;;
16.153.934.198.348.400;27949;4.0;;;
16.153.978.115.003.600;28286;4.0;;;
1.615.401.651.855.200;28587;4.0;;;
16.154.032.070.751.800;28712;4.0;;;
16.154.071.113.374.400;29012;4.0;;;
16.154.177.319.069.400;29873;4.0;;;
16.154.180.289.867.600;29897;4.0;;;
16.154.233.971.913.600;30341;4.0;;;
16.154.244.023.495.600;30428;4.0;;;
1.615.425.939.829.260;30553;4.0;;;
16.154.302.208.571.000;30908;4.0;;;
1.615.431.780.689.360;31042;4.0;;;
16.154.326.864.746.900;31116;4.0;;;
16.154.438.367.772.000;32032;4.0;;;
16.154.445.975.366.700;32098;4.0;;;
16.154.467.845.490.000;32272;4.0;;;
16.154.476.227.522.800;32340;4.0;;;
16.154.543.905.829.100;32865;4.0;;;
16.154.606.591.443.500;33363;4.0;;;
161.546.273.178.906;33515;4.0;;;
16.154.627.523.939.900;33517;4.0;;;
16.154.696.851.804.800;34064;4.0;;;
16.154.720.357.279.800;34242;4.0;;;
16.154.735.151.817.500;34353;4.0;;;
16.154.738.337.527.000;34379;4.0;;;
1.615.477.394.563.260;34642;4.0;;;
16.154.791.491.144.000;34774;4.0;;;
16.154.827.051.947.800;35032;4.0;;;
16.154.879.704.841.700;35415;4.0;;;
16.154.892.404.817.100;35513;4.0;;;
16.154.902.704.412.800;35590;4.0;;;
16.154.913.310.291.100;35669;4.0;;;
16.154.934.506.533.800;35817;4.0;;;
16.154.950.714.291.200;35936;4.0;;;
16.154.973.706.266.500;36107;4.0;;;
1.615.497.456.184.220;36114;4.0;;;
16.155.010.669.037.200;36393;4.0;;;
16.155.032.091.226.700;36552;4.0;;;
16.155.152.746.274.500;37450;4.0;;;
1.615.516.505.614.300;37538;4.0;;;
16.155.212.340.417.500;37897;4.0;;;
1.615.523.663.759.090;38081;4.0;;;
16.155.262.551.173.000;38277;4.0;;;
16.155.303.125.345.200;38583;4.0;;;
16.155.332.306.944.200;38802;4.0;;;
16.155.347.471.240.300;38916;4.0;;;
16.155.372.374.798.000;39099;4.0;;;
16.155.406.233.783.900;39344;4.0;;;
16.155.514.781.646.600;40117;4.0;;;
1.615.562.159.888.520;40868;4.0;;;
1.615.563.812.538.620;40983;4.0;;;
16.155.640.624.616.200;41003;4.0;;;
1.615.564.570.649.320;41036;4.0;;;
16.155.658.983.922.300;41129;4.0;;;
16.155.710.537.711.400;41480;4.0;;;
16.155.711.797.883.100;41490;4.0;;;
16.155.772.637.600.500;41920;4.0;;;
16.155.779.014.886.900;41964;4.0;;;
16.155.856.845.996.000;42504;4.0;;;
16.155.902.103.919.600;42814;4.0;;;
16.155.908.967.125.700;42860;4.0;;;
16.155.931.897.758.100;43014;4.0;;;
16.155.954.348.875.500;43167;4.0;;;
16.155.976.292.505.100;43317;4.0;;;
16.151.179.526.201.300;922;5.0;;;
16.151.265.603.057.400;2027;5.0;;;
1.615.145.355.061.570;4320;5.0;;;
16.151.498.505.436.800;4828;5.0;;;
16.151.547.724.101.800;5386;5.0;;;
1.615.162.620.808.500;6243;5.0;;;
16.151.733.873.316.500;7350;5.0;;;
1.615.175.739.521.480;7583;5.0;;;
16.151.778.317.077.300;7796;5.0;;;
16.151.780.233.631.600;7814;5.0;;;
1.615.182.831.958.100;8327;5.0;;;
16.151.835.266.712.300;8402;5.0;;;
16.152.045.942.711.300;10619;5.0;;;
16.152.095.176.584.900;11151;5.0;;;
16.152.154.915.472.000;11828;5.0;;;
16.152.486.828.290.900;15472;5.0;;;
16.152.646.215.640.500;17144;5.0;;;
16.152.880.660.917.600;19341;5.0;;;
16.152.883.254.328.000;19363;5.0;;;
16.153.004.263.249.500;20398;5.0;;;
16.153.013.697.751.700;20474;5.0;;;
16.153.066.023.998.200;20903;5.0;;;
16.153.097.930.165.900;21167;5.0;;;
16.153.273.010.913.600;22581;5.0;;;
16.153.294.598.838.100;22763;5.0;;;
16.153.356.288.695.400;23269;5.0;;;
16.153.379.195.767.400;23463;5.0;;;
1.615.338.162.820.080;23484;5.0;;;
16.153.385.688.204.800;23518;5.0;;;
16.153.477.232.923.200;24274;5.0;;;
16.153.525.387.826.800;24681;5.0;;;
1.615.362.176.023.420;25469;5.0;;;
16.153.668.927.708.500;25856;5.0;;;
16.153.689.533.131.000;26022;5.0;;;
16.153.738.533.078.300;26411;5.0;;;
16.153.824.646.114.800;27092;5.0;;;
16.153.890.147.647.000;27610;5.0;;;
16.154.097.646.827.100;29227;5.0;;;
1.615.412.382.722.380;29442;5.0;;;
16.154.461.856.340.700;32224;5.0;;;
16.154.502.505.024.900;32543;5.0;;;
1.615.450.821.269.340;32585;5.0;;;
16.154.554.147.845.500;32947;5.0;;;
16.154.685.214.452.000;33974;5.0;;;
16.154.704.625.048.700;34121;5.0;;;
16.154.711.675.559.600;34175;5.0;;;
16.154.781.268.052.500;34697;5.0;;;
16.154.852.178.428.000;35214;5.0;;;
16.154.884.312.342.200;35451;5.0;;;
1.615.491.711.596.100;35698;5.0;;;
16.154.919.234.064.900;35713;5.0;;;
16.155.113.280.647.600;37161;5.0;;;
16.155.130.498.058.400;37286;5.0;;;
16.155.402.349.059.300;39317;5.0;;;
16.155.488.108.769.700;39927;5.0;;;
16.155.529.175.399.000;40222;5.0;;;
16.155.603.413.028.200;40737;5.0;;;
16.155.617.046.397.900;40836;5.0;;;
1.615.568.713.440.470;41319;5.0;;;
16.155.728.379.955.300;41606;5.0;;;
16.155.758.847.606.900;41827;5.0;;;
16.155.810.354.527.600;42180;5.0;;;
16.155.837.339.498.100;42367;5.0;;;
16.155.856.325.038.400;42500;5.0;;;
16.155.891.469.918.900;42741;5.0;;;
16.155.921.526.085.900;42944;5.0;;;
16.155.963.661.909.100;43229;5.0;;;
16.155.992.411.283.000;43430;5.0;;;
1.615.165.758.437.380;6568;6.0;;;
16.151.731.395.435.700;7328;6.0;;;
16.151.744.080.165.800;7450;6.0;;;
16.152.078.909.548.700;10974;6.0;;;
16.152.302.395.043.500;13445;6.0;;;
1.615.281.820.672.350;18788;6.0;;;
1.615.298.987.822.980;20274;6.0;;;
16.153.185.902.842.300;21859;6.0;;;
16.153.243.153.072.800;22335;6.0;;;
16.153.300.326.487.600;22808;6.0;;;
16.153.559.068.458.300;24957;6.0;;;
16.153.912.947.907.600;27785;6.0;;;
16.153.913.952.061.300;27793;6.0;;;
1.615.398.052.121.420;28304;6.0;;;
16.154.110.282.841.300;29332;6.0;;;
16.154.170.063.069.400;29814;6.0;;;
16.154.233.365.516.900;30336;6.0;;;
16.154.407.140.924.600;31779;6.0;;;
16.154.531.880.351.400;32771;6.0;;;
16.154.554.656.108.400;32950;6.0;;;
16.154.573.152.593.300;33098;6.0;;;
16.154.591.961.158.000;33245;6.0;;;
1.615.475.549.156.070;34515;6.0;;;
1.615.477.435.537.530;34645;6.0;;;
16.154.810.126.592.400;34915;6.0;;;
16.155.008.087.571.400;36373;6.0;;;
16.155.181.351.218.300;37662;6.0;;;
16.155.373.142.524.400;39104;6.0;;;
16.155.528.306.365.900;40214;6.0;;;
1.615.557.547.146.060;40547;6.0;;;
16.155.625.628.587.200;40896;6.0;;;
1.615.576.606.737.990;41875;6.0;;;
16.155.779.839.474.500;41970;6.0;;;
16.155.950.484.095.700;43139;6.0;;;
16.155.973.736.076.000;43300;6.0;;;
16.155.981.747.532.200;43356;6.0;;;
16.151.810.253.912.500;8124;7.0;;;
16.151.811.272.776.100;8134;7.0;;;
16.152.770.274.919.200;18354;7.0;;;
16.152.877.641.258.700;19313;7.0;;;
16.152.935.856.420.900;19821;7.0;;;
16.152.947.011.535.700;19915;7.0;;;
16.153.019.310.863.700;20522;7.0;;;
16.153.034.451.576.100;20644;7.0;;;
16.153.036.178.349.100;20659;7.0;;;
16.153.061.133.341.100;20862;7.0;;;
1.615.309.133.261.450;21115;7.0;;;
16.153.117.396.809.100;21323;7.0;;;
16.153.159.349.081.700;21660;7.0;;;
16.153.244.086.385.600;22342;7.0;;;
1.615.327.870.797.020;22628;7.0;;;
16.153.380.944.702.800;23479;7.0;;;
16.153.389.711.510.000;23554;7.0;;;
16.153.519.247.261.400;24628;7.0;;;
1.615.352.279.402.460;24658;7.0;;;
16.153.551.189.589.100;24893;7.0;;;
16.153.630.966.126.400;25542;7.0;;;
16.153.874.845.956.800;27494;7.0;;;
16.153.884.894.898.000;27570;7.0;;;
16.153.897.176.379.000;27665;7.0;;;
1.615.393.750.526.490;27974;7.0;;;
1.615.396.214.380.230;28161;7.0;;;
16.154.063.201.585.900;28947;7.0;;;
16.154.120.337.067.600;29414;7.0;;;
16.154.184.464.929.500;29928;7.0;;;
16.154.262.732.408.100;30579;7.0;;;
16.154.290.000.260.400;30806;7.0;;;
16.154.338.792.842.400;31215;7.0;;;
1.615.449.818.207.340;32510;7.0;;;
16.154.607.486.988.100;33370;7.0;;;
16.154.638.727.525.900;33607;7.0;;;
1.615.472.127.445.180;34249;7.0;;;
16.154.728.622.403.100;34307;7.0;;;
16.154.744.105.267.900;34425;7.0;;;
1.615.480.259.392.330;34861;7.0;;;
16.154.929.283.343.400;35783;7.0;;;
16.155.079.272.098.100;36905;7.0;;;
16.155.087.061.619.900;36965;7.0;;;
16.155.093.526.356.300;37014;7.0;;;
16.155.188.760.250.000;37716;7.0;;;
16.155.355.788.874.000;38977;7.0;;;
16.155.405.615.230.700;39340;7.0;;;
16.155.405.744.216.700;39341;7.0;;;
16.155.448.006.032.600;39643;7.0;;;
16.155.532.797.554.600;40250;7.0;;;
16.155.648.462.714.800;41056;7.0;;;
16.155.696.669.771.800;41383;7.0;;;
1.615.583.359.433.760;42342;7.0;;;
16.155.851.816.840.900;42470;7.0;;;
16.155.882.132.805.200;42675;7.0;;;
16.155.905.301.192.400;42835;7.0;;;
16.152.938.097.234.400;19839;8.0;;;
16.153.050.630.982.800;20776;8.0;;;
16.153.127.668.181.800;21403;8.00;;;
16.153.210.832.751.300;22059;8.0;;;
16.153.395.286.561.000;23599;8.0;;;
16.153.765.440.607.100;26628;8.0;;;
16.153.845.733.024.900;27264;8.0;;;
16.153.929.038.687.400;27908;8.0;;;
16.154.040.058.797.800;28774;8.0;;;
16.154.212.577.871.000;30165;8.0;;;
16.154.254.067.377.000;30510;8.0;;;
1.615.428.867.416.960;30795;8.0;;;
16.154.459.732.350.200;32209;8.0;;;
16.154.654.805.028.500;33739;8.0;;;
16.154.698.124.917.100;34073;8.0;;;
16.154.903.175.597.000;35593;8.0;;;
1.615.492.008.239.670;35719;8.0;;;
16.155.036.174.081.100;36582;8.0;;;
16.155.038.410.303.600;36598;8.0;;;
16.155.047.403.390.700;36665;8.0;;;
16.155.048.333.807.400;36672;8.0;;;
16.155.110.830.594.500;37142;8.0;;;
1.615.516.070.683.220;37505;8.0;;;
16.155.239.007.032.800;38100;8.0;;;
16.155.336.964.182.000;38836;8.0;;;
1.615.536.368.113.900;39036;8.0;;;
1.615.548.172.159.860;39884;8.0;;;
16.155.535.313.390.400;40267;8.0;;;
16.155.695.498.949.100;41376;8.0;;;
16.155.776.132.072.600;41945;8.0;;;
16.155.855.363.146.900;42494;8.0;;;
16.155.868.373.663.300;42580;8.0;;;
1.615.589.337.151.760;42754;8.0;;;
16.153.062.802.942.100;20876;9.0;;;
1.615.310.100.896.410;21191;9.0;;;
1.615.323.898.394.810;22303;9.0;;;
1.615.334.319.447.050;23164;9.0;;;
1.615.339.818.709.760;23622;9.0;;;
16.153.875.022.335.200;27495;9.0;;;
16.153.950.545.230.800;28075;9.0;;;
16.154.112.937.162.400;29354;9.0;;;
16.154.118.345.040.100;29398;9.0;;;
1.615.422.381.823.730;30264;9.0;;;
16.154.306.992.711.200;30948;9.0;;;
1.615.431.950.871.450;31056;9.0;;;
16.154.477.831.123.300;32353;9.0;;;
16.154.622.741.503.800;33484;9.0;;;
16.154.651.411.251.500;33711;9.0;;;
16.154.672.249.465.200;33875;9.0;;;
1.615.478.442.756.260;34719;9.0;;;
16.154.815.862.594.000;34953;9.0;;;
1.615.482.004.417.700;34983;9.0;;;
16.154.873.148.127.400;35366;9.0;;;
16.155.180.191.510.400;37653;9.0;;;
16.155.282.953.885.400;38427;9.0;;;
16.155.330.858.848.800;38791;9.0;;;
16.155.441.078.111.400;39593;9.0;;;
16.155.647.714.751.300;41050;9.0;;;
16.155.708.420.587.600;41464;9.0;;;
16.155.714.300.053.200;41507;9.0;;;
16.155.728.562.415.800;41607;9.0;;;
16.155.749.427.355.800;41761;9.0;;;
16.155.898.158.534.700;42786;9.0;;;
;;;;;
